s_suppkey,s_name,s_address,s_nationkey
1,Supplier#000000001,"sdrGnXCDRcfriBvY0KL,ipCanOTyK t NN1",17
2,Supplier#000000002,TRMhVHz3XiFuhapxucPo1,5
3,Supplier#000000003,BZ0kXcHUcHjx62L7CjZSql7gbWQ6RPn5X,1
4,Supplier#000000004,qGTQJXogS83a7MBnEweGHKevK,15
5,Supplier#000000005,lONEYAh9sFWAF75tO,11
6,Supplier#000000006,zaux5FTzToEg,14
7,Supplier#000000007, 0W7IPdkpWycUbQ9Adp6B,23
8,Supplier#000000008,S8AWPqjYlanEQlcDO2WV 97uCVtxCk,17
9,Supplier#000000009,",gJ6K2MKveYxQTN 2EMG3pzg",10
10,Supplier#000000010,9QtKQKXK24fBTYIsb2,24
11,Supplier#000000011,iLv7z1f1 51re0Rp,18
12,Supplier#000000012,"Rfi4rsA,j2O",8
13,Supplier#000000013,kgTZjbt4CAa4c3SlirlBLqIL41YbCj,3
14,Supplier#000000014,n3zDcWB7dHXI19E,15
15,Supplier#000000015,DF35PepL5saAKCGAZ70iN,8
16,Supplier#000000016,3HbVoWVsjn4fTfQGgYTsMaDvMINBIDXqeBwK,22
17,Supplier#000000017,"PYN0m9j98GhX42DvBKvURcAd,B",19
18,Supplier#000000018,ckk5mWb4qewgn1vs,16
19,Supplier#000000019,NN17XNz0DpmnSFp47kM7G,24
20,Supplier#000000020,JtPqm19E7tF 152Rl1wQZ8j0H,3
21,Supplier#000000021,"TZoQwNFFO i,baXpbpin02,hvuhE,GRVIKm ",2
22,Supplier#000000022,"DGIIamGrSFFUm53Va,0PnOc",4
23,Supplier#000000023, zMyxL7O3O0SUAFoTrY7gVO mnM8XsH,9
24,Supplier#000000024,pWDbwg 5EgcbQPlpH,0
25,Supplier#000000025,aoagce3elDACNssVvTLcQl55Up6EYA,22
26,Supplier#000000026,"J50ejtquU1SXRxsmdGA,Se,QZsepLjU",21
27,Supplier#000000027,GoWoHhvdj6AUfWujBscphWdFjHl7K,18
28,Supplier#000000028,lpJwCaJ0T2jdr5,0
29,Supplier#000000029,VVSymB3fbwaNUuBmNAoY,1
30,Supplier#000000030,"TWdEo, EaLd,LHXtGCPf8",16
31,Supplier#000000031,M9hIErTsOJuqBA9gjOaMDO5Bb,16
32,Supplier#000000032,"uwCnX8y18u,zGadpgSQKHVP1F2fxK",23
33,Supplier#000000033,"LLMgB3vXW,0g,8nuv3qU3QZaEBZvU2qRLX9",7
34,Supplier#000000034,F29MXhwqYcXFfWjKungGH b6nceg9o9B03BR,10
35,Supplier#000000035,"btEEk4uH55bVcxqqo355 x0WMmrK6,bOU",21
36,Supplier#000000036,Fs8BpqhwPHOuX6g84XPfmMv9nUSnRZGqoSTS,13
37,Supplier#000000037,PAHtpWJZD5,0
38,Supplier#000000038,"vmOuWWwn,l4j7TOSEw4l3",4
39,Supplier#000000039,"2e0rD92Bmb5 ZtqmjQoR,AHlOJHHM6WMj",8
40,Supplier#000000040,ttiM4tPPBG85XTwFZDE8lpu8KOYgB,22
41,Supplier#000000041,lrZlgk9WXVsveglFty,18
42,Supplier#000000042,",2VFvnKBMXIYwP6q2HX8wfJgUZhFvmfyno",22
43,Supplier#000000043,2VEfxrC76mNg2VwZY5DDrWnSTrCUHlZfwe2EF3SJ,12
44,Supplier#000000044,Hm9uFgnDFi2hNdUVsqbjHFtf,7
45,Supplier#000000045,"gOgDzRS3kyjc,429pTJGd jr Es9KZ",9
46,Supplier#000000046,"N,6964Lnc2fNgMZV1VJV9ye9PtkE7z1nYOHRB",24
47,Supplier#000000047,Y3eZu1bOuAw0jgW4dFKPE1ePfKpjfq,14
48,Supplier#000000048,"IK,6rmdbeaoxtxgx7Df34QfLX5FUcyddqUEbF4h",14
49,Supplier#000000049,ewArUFQOlWlyhws,24
50,Supplier#000000050,AkCPA9ee2s0n  bKok8,9
51,Supplier#000000051,"AnGp3Q,ZbcjgHcvAIHUYyeScW",9
52,Supplier#000000052,5oGr3pj2sprZNwho8CFW2haaObd0,19
53,Supplier#000000053,JRwXrnz2oLggl6UciySIJJpcjqpXTtaTPXkoT9y,7
54,Supplier#000000054,iZz04vPVBK,12
55,Supplier#000000055,dAN28JcaMkXMkIUYU7H,24
56,Supplier#000000056,M65yF75QFrlIjpcy2C6as3aRdMdfa9YkF,16
57,Supplier#000000057,"Qm4A6699rL0FPYC,S2",17
58,Supplier#000000058,"0,Nmqoi1Co7f13K",16
59,Supplier#000000059,eSFgP3HeD5GmjE7c9EpKzfI3SA hu,17
60,Supplier#000000060,"PP,SDzn7q9DWT4EEpO23y",8
61,Supplier#000000061,"ds,eZBp9Ri",8
62,Supplier#000000062,Q8EFl36gpMazAhuwoRrs9UuBlOmLVHe7P,19
63,Supplier#000000063,"eF5,cbtiCbxbGvVr2x4kDE30JLAEZ",5
64,Supplier#000000064,"wS,hHEibrFlCfN6I9xyPxSZKkGAAB4XbapMdy826",24
65,Supplier#000000065,qzqDj7E8lqABBg f,22
66,Supplier#000000066,B2N xmhah23IgwDe5E2Lp5tN5qSPO41q406V8c5X,23
67,Supplier#000000067,U2 mgiDOjlHVnr4U1QALr35,4
68,Supplier#000000068,7MUdV0wjYowmWbbL7kfERy0IPl22FnDcPXubvyKP,21
69,Supplier#000000069,8YnFR1LRTMYXXM9yeIYss,4
70,Supplier#000000070,jd4djZv0cc5KdnA0q9oOqvceaPUbNloOW,6
71,Supplier#000000071,3lCSQETbUvJra,1
72,Supplier#000000072,FgBqhDHyQvHYQFA6Wr1mQhXbjYvL2AurqeSAkAZ,18
73,Supplier#000000073,kp1qZejw zwaou78HKrV4 L8clKe9geoMYCxm,16
74,Supplier#000000074,yeXt5WdcOUQVvdNCulURp4rSaxnuAwhxP9hzq,20
75,Supplier#000000075,ULXKdX bZFJwii,18
76,Supplier#000000076,ipJ8pRXOf2xdKj63y6jEzmoon,14
77,Supplier#000000077,"w5yO 0yjXou 8I4ffzADq,R8tD06x1vbeMpLJF2",7
78,Supplier#000000078,StXc1Zo5rJl z avspT5Ys7ytLj5jFlX8nUu s,5
79,Supplier#000000079,"C,xXyty836oYhSwmLfdlegz 9awTAt7y7p7r",14
80,Supplier#000000080,PhYej9mhZXAifY4IXnVIVJ9CX011Id73JAD,21
81,Supplier#000000081,"9fFQOQJKBgF5Q0KmXzQ2xZYM,",12
82,Supplier#000000082,5t7gqU1BlZWyZQoeF7X,18
83,Supplier#000000083,"59h6GtoD,V0 M5sWTCqLAPoxv",14
84,Supplier#000000084,"oO2H4fI1kaBmgchJWvqEj5,SIHu",24
85,Supplier#000000085,pGFzRayFsg9l,7
86,Supplier#000000086,iZLKKWaQADe,19
87,Supplier#000000087,5ovT6anHSsD1TyApXOBEU,24
88,Supplier#000000088,uczJ2TvvseL8,11
89,Supplier#000000089,MJys1P8C JyNZ,9
90,Supplier#000000090,QbmU6KsZLYFXKv8le D9z0K0XLAXT WGuKBKAzzZ,6
91,Supplier#000000091,35WVnU7GLNbQDcc2TARavGtk6RB6ZCd46UAY,3
92,Supplier#000000092,"EWS4tXaiXFFFS7Y,T G",2
93,Supplier#000000093,wNZNHIg370XspE,16
94,Supplier#000000094,"Gg0BfcHqe5lhc3dT,sb1ydaHBpJFIm",4
95,Supplier#000000095,CYrYJqLjV7o,19
96,Supplier#000000096,gPuBX5iIBtNrCYv2EMZISIhu0v7yZeC,12
97,Supplier#000000097,f oaJRYkUDO3ZLBVoq,4
98,Supplier#000000098,DKjDSOB3pVb,21
99,Supplier#000000099,"X8uG7kkYSD2 y7,1eD5lSj",18
100,Supplier#000000100,AiFdrGISsw5YYFY FPOusmobWMf,21
